,City,Lat,Lng,Max Temp,Humidity,Cloudiness,Wind Speed,Country,Date
0,Cambuí,-22.6122,-46.0575,59.5,67,56,3.87,BR,1627941561
1,Longyearbyen,78.2186,15.6401,42.24,91,100,9.91,SJ,1627941561
2,Bambous Virieux,-20.3428,57.7575,59.25,88,20,8.05,MU,1627941562
3,Talnakh,69.4865,88.3972,66.29,53,100,4.59,RU,1627941562
4,Pevek,69.7008,170.3133,35.04,81,100,19.08,RU,1627941563
5,Olafsvik,64.8945,-23.7142,53.11,81,100,4.56,IS,1627941563
6,Eirunepé,-6.6603,-69.8736,84.65,41,12,2.68,BR,1627941563
7,Carnarvon,-24.8667,113.6333,46.47,47,0,11.5,AU,1627941564
8,Bluff,-46.6,168.3333,45.81,68,93,9.13,NZ,1627941564
9,Cologne,50.9333,6.95,58.96,87,0,1.14,DE,1627941565
10,Kapaa,22.0752,-159.319,85.98,84,23,5.01,US,1627941480
11,Hobart,-42.8794,147.3294,44.28,89,75,3.0,AU,1627941565
12,Nikolskoye,59.7035,30.7861,63.39,99,100,8.88,RU,1627941566
13,Wattegama,6.7989,81.4808,77.92,68,100,4.83,LK,1627941566
14,Arraial do Cabo,-22.9661,-42.0278,73.36,77,0,10.36,BR,1627941566
15,Pangnirtung,66.1451,-65.7125,48.2,93,75,14.97,CA,1627941567
16,Rikitea,-23.1203,-134.9692,69.06,57,83,21.63,PF,1627941567
17,Veinte de Noviembre,14.9833,-92.25,84.24,82,83,4.63,MX,1627941567
18,Maryville,35.7565,-83.9705,85.06,50,99,3.0,US,1627941568
19,Narasannapeta,18.4167,84.05,81.75,71,98,5.46,IN,1627941568
20,Roanoke Rapids,36.4615,-77.6542,83.44,69,1,4.61,US,1627941569
21,Thompson,55.7435,-97.8558,77.16,47,20,5.75,CA,1627941569
22,Vaini,-21.2,-175.2,73.56,73,40,12.66,TO,1627941569
23,Payo,-3.7508,103.6372,71.49,95,81,2.46,ID,1627941570
24,Kiryat Gat,31.61,34.7642,84.4,47,0,4.32,IL,1627941543
25,Lavrentiya,65.5833,-171.0,44.69,99,100,8.39,RU,1627941571
26,Tuktoyaktuk,69.4541,-133.0374,50.0,87,90,9.22,CA,1627941571
27,Hithadhoo,-0.6,73.0833,81.68,69,100,5.19,MV,1627941572
28,Busselton,-33.65,115.3333,54.19,76,100,7.23,AU,1627941572
29,Mumford,5.2618,-0.759,76.26,90,100,6.53,GH,1627941573
30,New Norfolk,-42.7826,147.0587,43.92,80,100,2.66,AU,1627941573
31,Hermanus,-34.4187,19.2345,57.79,89,3,9.75,ZA,1627941573
32,Dingle,10.9995,122.6711,79.0,86,100,9.98,PH,1627941574
33,Ambon City,-3.6954,128.1814,75.34,94,40,5.75,ID,1627941574
34,Vavuniya,8.7514,80.4971,77.74,79,92,9.46,LK,1627941575
35,Sarāhan,31.5167,77.8,64.06,82,53,2.51,IN,1627941575
36,La Palma,33.8464,-118.0467,110.66,45,0,5.01,US,1627941575
37,Fortuna,40.5982,-124.1573,68.94,71,1,1.01,US,1627941576
38,Złotoryja,51.1264,15.9198,59.67,81,14,6.91,PL,1627941576
39,Punta Arenas,-53.15,-70.9167,41.02,81,40,29.93,CL,1627941576
40,Esperance,-33.8667,121.9,46.24,80,100,12.03,AU,1627941577
41,Hūn,29.1268,15.9477,87.24,20,0,11.79,LY,1627941577
42,Lüderitz,-26.6481,15.1594,66.81,37,0,1.83,NA,1627941578
43,Ojinaga,29.5667,-104.4167,88.41,51,90,10.36,MX,1627941578
44,Chui,-33.6971,-53.4616,49.77,94,20,5.53,UY,1627941578
45,Puerto Ayora,-0.7393,-90.3518,78.76,84,70,11.36,EC,1627941579
46,Kaitangata,-46.2817,169.8464,47.93,63,100,9.91,NZ,1627941579
47,Beisfjord,68.3751,17.5988,50.05,97,100,3.06,NO,1627941579
48,Torbay,47.6666,-52.7314,67.68,69,90,8.05,CA,1627941580
49,Bathsheba,13.2167,-59.5167,84.81,74,20,9.22,BB,1627941580
50,Ilulissat,69.2167,-51.1,41.94,82,99,2.17,GL,1627941581
51,Bubaque,11.2833,-15.8333,79.47,81,98,18.81,GW,1627941581
52,Mataura,-46.1927,168.8643,45.48,95,100,2.28,NZ,1627941582
53,Ürümqi,43.801,87.6005,70.75,25,0,11.18,CN,1627941582
54,Srednekolymsk,67.45,153.6833,47.19,54,80,10.18,RU,1627941582
55,Monrovia,6.3005,-10.7969,74.97,74,50,7.25,LR,1627941468
56,Waipawa,-41.4122,175.5153,47.03,82,100,12.86,NZ,1627941583
57,Albany,42.6001,-73.9662,77.81,48,13,11.16,US,1627941418
58,Hilo,19.7297,-155.09,79.79,74,75,6.91,US,1627941583
59,Krasnosel'kup,65.7,82.4667,60.53,86,99,9.08,RU,1627941584
60,Tasiilaq,65.6145,-37.6368,42.75,83,100,2.59,GL,1627941584
61,Ishigaki,24.3448,124.1572,78.93,100,75,2.3,JP,1627941585
62,Dikson,73.5069,80.5464,50.41,81,81,9.91,RU,1627941585
63,Cabo San Lucas,22.8909,-109.9124,99.52,67,50,11.27,MX,1627941586
64,East London,-33.0153,27.9116,59.68,79,63,17.63,ZA,1627941319
65,Husavik,66.0449,-17.3389,55.31,88,79,4.36,IS,1627941587
66,Castro,-24.7911,-50.0119,51.66,82,0,1.57,BR,1627941587
67,Ushuaia,-54.8,-68.3,42.46,61,75,6.91,AR,1627941445
68,Airai,-8.9266,125.4092,55.47,81,71,3.38,TL,1627941588
69,Beaverlodge,55.2166,-119.4361,76.35,84,100,0.83,CA,1627941588
70,Maryborough,-25.5333,152.7,63.34,90,26,4.99,AU,1627941589
71,Beringovskiy,63.05,179.3167,44.64,96,100,8.97,RU,1627941589
72,Russell,32.3502,-85.1999,83.91,81,75,25.32,US,1627941589
73,Nanortalik,60.1432,-45.2371,44.62,93,96,2.04,GL,1627941590
74,Barrow,71.2906,-156.7887,44.85,79,99,15.52,US,1627941590
75,Yellowknife,62.456,-114.3525,90.32,25,75,9.22,CA,1627941295
76,Vardø,70.3705,31.1107,43.0,83,20,2.55,NO,1627941591
77,Hervey Bay,-25.2986,152.8535,62.71,87,4,12.91,AU,1627941591
78,Okhotsk,59.3833,143.3,58.51,64,100,9.51,RU,1627941591
79,Mae Sot,16.7167,98.5667,73.35,99,99,2.37,TH,1627941592
80,Avarua,-21.2078,-159.775,78.85,83,90,9.22,CK,1627941592
81,Nador,35.174,-2.9287,71.85,78,0,3.44,MA,1627941593
82,Mbanza-Ngungu,-5.25,14.8667,75.9,46,77,8.16,CD,1627941593
83,Phang Nga,8.4509,98.5298,84.9,93,99,6.49,TH,1627941593
84,Evensk,61.95,159.2333,50.0,50,7,12.12,RU,1627941594
85,Lagoa,39.05,-27.9833,72.12,91,4,4.7,PT,1627941594
86,Jamestown,42.097,-79.2353,73.09,61,0,3.24,US,1627941595
87,Bucerías,20.75,-105.3333,88.99,75,9,8.7,MX,1627941595
88,Quatre Cocos,-20.2078,57.7625,59.11,70,1,3.83,MU,1627941595
89,Meulaboh,4.1363,96.1285,74.59,85,83,4.94,ID,1627941596
90,Lufilufi,-13.8745,-171.5986,82.18,70,76,10.13,WS,1627941596
91,Bredasdorp,-34.5322,20.0403,57.27,93,18,3.44,ZA,1627941597
92,Kandrian,-6.2167,149.55,79.27,83,81,5.21,PG,1627941597
93,Okitipupa,6.5047,4.7839,74.03,95,100,2.59,NG,1627941597
94,Kibi,6.1649,-0.5538,71.76,91,99,2.15,GH,1627941598
95,Port Hardy,50.6996,-127.4199,64.58,68,75,5.75,CA,1627941598
96,Saskylakh,71.9167,114.0833,64.53,61,24,7.9,RU,1627941598
97,Berlevåg,70.8578,29.0864,47.05,82,7,3.04,NO,1627941599
98,Mabaruma,8.2,-59.7833,75.43,94,57,3.13,GY,1627941599
99,Qurayyat,31.3318,37.3428,82.58,26,0,16.11,SA,1627941600
100,Mar del Plata,-38.0023,-57.5575,54.09,54,0,11.01,AR,1627941530
101,Nhulunbuy,-12.2333,136.7667,70.41,94,40,2.3,AU,1627941600
102,Clyde River,70.4692,-68.5914,43.03,81,20,9.22,CA,1627941600
103,Ávato,40.9667,24.8,84.94,51,0,3.51,GR,1627941601
104,Kenai,60.5544,-151.2583,75.02,75,26,5.91,US,1627941601
105,Umm Kaddadah,13.6017,26.6876,80.85,64,62,20.02,SD,1627941603
106,Sheregesh,52.9209,87.9869,54.25,90,10,4.09,RU,1627941604
107,Morondava,-20.2833,44.2833,67.82,74,7,13.02,MG,1627941605
108,Bethel,41.3712,-73.414,80.35,59,36,5.93,US,1627941605
109,Taltal,-25.4,-70.4833,60.03,75,23,2.53,CL,1627941606
110,Wagar,16.1525,36.2032,83.89,61,100,11.7,SD,1627941607
111,Tete,-16.1564,33.5867,65.62,39,0,4.05,MZ,1627941607
112,Xichang,27.8964,102.2634,62.1,75,18,1.88,CN,1627941608
113,Geraldton,-28.7667,114.6,45.01,87,3,11.5,AU,1627941609
114,Butaritari,3.0707,172.7902,82.9,71,35,4.99,KI,1627941610
115,George Town,5.4112,100.3354,80.89,87,20,2.3,MY,1627941610
116,Qaanaaq,77.484,-69.3632,45.12,66,100,3.47,GL,1627941611
117,Ponta do Sol,32.6667,-17.1,73.0,77,8,6.96,PT,1627941612
118,Mormugao,15.4,73.8,78.58,81,84,16.82,IN,1627941612
119,Kisangani,0.5167,25.2,70.18,83,66,2.51,CD,1627941613
120,Newport,51.5877,-2.9984,60.08,87,87,7.52,GB,1627941438
121,Nālūt,30.3333,10.85,89.69,14,0,13.56,LY,1627941614
122,Solwezi,-12.1688,26.3894,57.02,52,29,3.2,ZM,1627941614
123,Neuquén,-38.9516,-68.0591,60.49,28,47,8.25,AR,1627941615
124,Menongue,-14.6585,17.691,54.82,40,4,4.47,AO,1627941616
125,Ayagoz,47.9714,80.4392,69.44,39,20,6.2,KZ,1627941616
126,Poum,-20.2333,164.0167,68.4,64,9,9.33,NC,1627941617
127,Ulaangom,49.9811,92.0667,59.76,47,1,2.55,MN,1627941618
128,Novikovo,51.1537,37.8879,66.67,90,66,4.52,RU,1627941618
129,Tual,-5.6667,132.75,81.45,73,96,18.79,ID,1627941620
130,Burgeo,47.6167,-57.6152,60.17,83,99,11.7,CA,1627941620
131,Cortez,37.3489,-108.5859,84.67,48,6,10.4,US,1627941621
132,Taywarah,33.35,64.4167,55.87,28,0,6.64,AF,1627941622
133,Yerbogachën,61.2767,108.0108,61.9,72,100,3.49,RU,1627941623
134,Woodstock,43.1334,-80.7497,74.95,55,78,8.16,CA,1627941389
135,Hue,16.4667,107.6,82.96,69,100,6.49,VN,1627941624
136,Agropoli,40.3469,14.9966,74.44,72,10,1.99,IT,1627941624
137,Magistral'nyy,56.1725,107.4458,57.96,75,100,1.59,RU,1627941625
138,Chengalpattu,12.7,79.9833,83.91,52,100,9.06,IN,1627941626
139,Anadyr,64.75,177.4833,41.5,93,90,28.99,RU,1627941627
140,Liepāja,56.5419,21.0367,62.65,88,75,6.91,LV,1627941620
141,Kahului,20.8947,-156.47,83.46,75,22,15.01,US,1627941628
142,Cayenne,4.9333,-52.3333,83.08,79,44,1.01,GF,1627941628
143,Mbigou,-1.9005,11.906,69.6,83,99,2.35,GA,1627941629
144,Alice Springs,-23.7,133.8833,38.75,52,0,5.75,AU,1627941630
145,Severnoye,56.3491,78.3619,56.35,97,46,5.44,RU,1627941631
146,Quelimane,-17.8786,36.8883,61.9,78,0,3.67,MZ,1627941632
147,College,64.8569,-147.8028,82.29,49,98,2.55,US,1627941632
148,Joaçaba,-27.1781,-51.5047,50.49,82,0,0.94,BR,1627941633
149,Kerman,30.2832,57.0788,75.06,17,0,0.0,IR,1627941463
150,Cap Malheureux,-19.9842,57.6142,69.73,63,1,4.41,MU,1627941634
151,Port Elizabeth,-33.918,25.5701,57.49,82,75,12.66,ZA,1627941469
152,Hambantota,6.1241,81.1185,79.14,94,0,9.22,LK,1627941634
153,Northam,51.0333,-4.2167,59.02,88,27,6.64,GB,1627941635
154,Bulawayo,-20.15,28.5833,54.43,28,0,7.23,ZW,1627941636
155,Haines Junction,60.7522,-137.5108,75.2,43,94,2.66,CA,1627941636
156,Correntina,-13.3433,-44.6367,69.35,40,88,4.63,BR,1627941637
157,Washougal,45.5826,-122.3534,100.45,31,25,1.01,US,1627941638
158,Awjilah,29.1081,21.2869,87.91,28,0,12.46,LY,1627941639
159,Korla,41.7597,86.1469,76.98,23,98,2.86,CN,1627941640
160,Verkhnyaya Inta,65.9811,60.3094,53.76,85,44,5.46,RU,1627941640
161,Diamantino,-14.4086,-56.4461,78.73,28,59,6.53,BR,1627941641
162,Porto San Giorgio,43.1827,13.7934,76.86,62,85,6.62,IT,1627941641
163,Pisco,-13.7,-76.2167,64.02,84,6,6.6,PE,1627941642
164,Cape Town,-33.9258,18.4232,57.11,92,0,2.3,ZA,1627941525
165,Salekhard,66.53,66.6019,52.48,84,100,6.11,RU,1627941643
166,Poronaysk,49.2167,143.1167,61.74,75,0,7.11,RU,1627941644
167,Port Hawkesbury,45.6169,-61.3485,62.44,99,90,3.0,CA,1627941645
168,Neijiang,29.5835,105.0622,77.67,84,0,1.39,CN,1627941645
169,Atuona,-9.8,-139.0333,77.58,76,22,19.01,PF,1627941627
170,Biograd na Moru,43.9433,15.4519,78.76,49,94,7.0,HR,1627941646
171,Sept-Îles,50.2001,-66.3821,66.72,73,75,3.0,CA,1627941483
172,Cherskiy,68.75,161.3,42.42,57,89,15.93,RU,1627941647
173,Waslala,13.2333,-85.3833,81.84,73,100,6.73,NI,1627941647
174,Ghimbav,45.6667,25.5,67.19,77,0,2.1,RO,1627941648
175,Mahébourg,-20.4081,57.7,67.51,69,1,2.77,MU,1627941648
176,Bereda,43.2686,-7.5406,58.75,96,10,2.33,ES,1627941649
177,Tuatapere,-46.1333,167.6833,46.81,82,99,4.27,NZ,1627941649
178,Vysokogornyy,50.1167,139.15,60.94,90,93,3.71,RU,1627941650
179,Manta,-0.95,-80.7333,74.01,77,100,13.2,EC,1627941651
180,Mount Isa,-20.7333,139.5,62.37,34,75,18.41,AU,1627941651
181,Zeya,53.75,127.2667,60.87,83,99,3.38,RU,1627941652
182,Balaka,-14.9793,34.9558,59.07,38,0,3.71,MW,1627941653
183,Egvekinot,66.3167,-179.1667,34.9,90,100,14.09,RU,1627941653
184,Hamilton,39.1834,-84.5333,78.96,52,61,1.01,US,1627941619
185,Owensboro,37.7742,-87.1133,81.01,49,0,4.9,US,1627941599
186,Vila Velha,-20.3297,-40.2925,73.96,78,0,1.14,BR,1627941499
187,Shizunai-furukawachō,42.3339,142.3669,75.4,87,89,5.41,JP,1627941655
188,Río Gallegos,-51.6226,-69.2181,41.95,69,23,36.55,AR,1627941655
189,Podporozh'ye,60.9112,34.1706,60.13,97,100,10.47,RU,1627941656
190,Luwuk,-0.9516,122.7875,75.42,77,50,5.3,ID,1627941656
191,Hong Kong,22.2855,114.1577,83.32,91,100,3.0,HK,1627941657
192,Port Alfred,-33.5906,26.891,58.08,81,35,20.38,ZA,1627941657
193,Yangi Marg`ilon,40.4272,71.7189,74.62,37,99,0.85,UZ,1627941658
194,Kumul,42.8,93.45,76.73,21,1,5.7,CN,1627941658
195,Gambēla,8.25,34.5833,68.7,93,100,2.73,ET,1627941659
196,Vostok,46.4856,135.8833,70.12,80,55,0.92,RU,1627941659
197,Hofn,64.2539,-15.2082,53.47,86,91,8.37,IS,1627941660
198,Kawalu,-7.3817,108.2082,71.46,98,98,1.86,ID,1627941660
199,Camacha,33.0833,-16.3333,69.53,73,40,8.05,PT,1627941662
200,Richards Bay,-28.783,32.0377,64.24,82,95,3.62,ZA,1627941662
201,Mill Valley,37.906,-122.545,92.32,67,96,5.99,US,1627941628
202,Saint George,37.1041,-113.5841,104.63,20,1,1.99,US,1627941597
203,Leh,34.1667,77.5833,62.8,45,18,5.57,IN,1627941663
204,Seymchan,62.8833,152.4333,45.88,56,47,11.97,RU,1627941663
205,Saint-Philippe,-21.3585,55.7679,66.22,67,11,0.51,RE,1627941664
206,Hansot,21.5833,72.8,80.76,81,100,17.76,IN,1627941664
207,Kaitong,44.8135,123.15,63.37,96,100,10.42,CN,1627941665
208,Cervo,43.6702,-7.4101,59.97,82,41,0.54,ES,1627941665
209,Fairbanks,64.8378,-147.7164,84.02,45,98,1.01,US,1627941608
210,Maku,39.2911,44.4521,68.85,47,22,1.48,IR,1627941666
211,Narsaq,60.9167,-46.05,53.82,89,92,7.05,GL,1627941667
212,Tsiroanomandidy,-18.7667,46.0333,57.4,77,5,2.21,MG,1627941668
213,Antibes,43.5624,7.1278,75.56,69,0,17.27,FR,1627941553
214,Nome,64.5011,-165.4064,59.16,96,100,14.94,US,1627941668
215,Khatanga,71.9667,102.5,64.98,62,75,9.62,RU,1627941669
216,Haapiti,-17.5667,-149.8667,82.13,72,90,14.65,PF,1627941669
217,Semenivka,52.1783,32.5818,61.23,91,6,10.42,UA,1627941669
218,Isiro,2.7739,27.616,65.07,91,99,1.79,CD,1627941670
219,Alofi,-19.0595,-169.9187,75.24,65,28,14.29,NU,1627941670
220,Hobyo,5.3505,48.5268,77.22,78,38,23.49,SO,1627941670
221,Comodoro Rivadavia,-45.8667,-67.5,60.66,36,0,12.66,AR,1627941671
222,Pak Thong Chai,14.7226,102.0251,77.25,80,100,9.31,TH,1627941672
223,San Patricio,28.017,-97.5169,97.52,43,39,11.83,US,1627941672
224,Nouakchott,18.0858,-15.9785,80.53,86,93,6.87,MR,1627941672
225,Iqaluit,63.7506,-68.5145,50.7,93,100,4.0,CA,1627941673
226,Katsuura,35.1333,140.3,83.19,84,42,10.16,JP,1627941673
227,Saldanha,-33.0117,17.9442,56.71,71,0,5.28,ZA,1627941673
228,Chaman,30.9236,66.4512,77.65,12,3,7.47,PK,1627941674
229,Wagga Wagga,-35.1167,147.3667,46.81,100,90,6.91,AU,1627941604
230,Goderich,43.7501,-81.7165,72.21,66,15,2.62,CA,1627941674
231,Lewisville,33.0462,-96.9942,89.69,61,90,1.01,US,1627941196
232,Lima,-12.0432,-77.0282,63.14,72,75,6.91,PE,1627941490
233,Bengkulu,-3.8004,102.2655,74.95,89,47,3.51,ID,1627941675
234,Telgte,51.9833,7.7833,58.82,100,75,1.14,DE,1627941534
235,Jieshi,22.8134,115.8257,84.94,85,91,1.45,CN,1627941676
236,Kamenka,51.3223,42.7678,75.56,42,30,2.39,RU,1627941676
237,Ventspils,57.3894,21.5606,58.93,88,20,5.75,LV,1627941677
238,Tacuarembó,-31.7333,-55.9833,49.15,74,0,3.58,UY,1627941677
239,Klaksvík,62.2266,-6.589,50.92,86,100,11.32,FO,1627941677
240,Cidreira,-30.1811,-50.2056,53.56,85,0,6.33,BR,1627941678
241,Salò,45.6086,10.531,68.11,80,4,6.04,IT,1627941679
242,Portland,45.5234,-122.6762,98.53,39,55,1.01,US,1627941491
243,Bose,45.4612,8.0137,66.09,76,57,5.12,IT,1627941679
244,Loviisa,60.4566,26.2251,62.46,89,100,2.95,FI,1627941680
245,Dzaoudzi,-12.7887,45.2699,71.49,83,0,3.44,YT,1627941681
246,Juneau,58.3019,-134.4197,67.84,71,100,5.39,US,1627941508
247,Tigil',57.8,158.6667,53.6,70,47,13.91,RU,1627941681
248,Pacific Grove,36.6177,-121.9166,90.0,71,77,3.0,US,1627941682
249,Henties Bay,-22.116,14.2845,65.86,62,0,6.96,NA,1627941682
250,San Miguel de Cozumel,20.5083,-86.9458,89.67,69,75,11.99,MX,1627941609
251,Mezen',65.8522,44.24,55.49,97,52,4.99,RU,1627941683
252,Petropavlovsk-Kamchatskiy,53.0452,158.6483,55.99,82,40,6.71,RU,1627941683
253,Grajaú,-5.8194,-46.1386,81.07,28,5,4.05,BR,1627941683
254,Tessalit,20.1986,1.0114,87.12,41,46,16.24,ML,1627941684
255,Oga,46.4631,10.347,50.81,91,46,2.51,IT,1627941684
256,Morehead,37.2711,-87.1764,82.85,49,40,1.99,US,1627941685
257,Saint Paul Harbor,57.79,-152.4072,54.91,82,90,6.91,US,1627941685
258,Imbituba,-28.24,-48.6703,60.82,91,45,8.37,BR,1627941685
259,Mongoumba,3.6415,18.5936,74.16,84,99,2.3,CF,1627941686
260,Yumen,40.2833,97.2,64.54,22,65,0.89,CN,1627941686
261,Codrington,-38.2667,141.9667,43.2,93,100,8.46,AU,1627941687
262,Laguna,38.421,-121.4238,101.64,19,1,4.0,US,1627941687
263,Ribeira Grande,38.5167,-28.7,73.31,92,48,7.4,PT,1627941688
264,Guánica,17.9716,-66.908,84.97,85,83,6.15,PR,1627941688
265,Hasaki,35.7333,140.8333,81.28,87,97,10.94,JP,1627941689
266,Chara,56.9064,118.2631,54.91,75,72,2.04,RU,1627941689
267,Belmonte,-15.8631,-38.8828,70.3,74,64,9.08,BR,1627941690
268,Yenagoa,4.9247,6.2642,75.43,92,100,4.07,NG,1627941690
269,Waihi Beach,-37.4,175.9333,55.11,80,75,8.99,NZ,1627941691
270,Ixtapa,20.7,-105.2,88.23,75,21,5.99,MX,1627941692
271,Lālmohan,22.3384,90.7419,80.78,83,97,6.24,BD,1627941692
272,Norman Wells,65.282,-126.8329,88.75,25,0,9.53,CA,1627941692
273,Atambua,-9.1061,124.8925,69.76,88,75,5.21,ID,1627941693
274,Paralímni,35.0375,33.9833,85.12,40,0,1.01,CY,1627941693
275,Erzin,36.9559,36.2,80.01,80,1,1.52,TR,1627941694
276,Jinchang,38.4953,102.1739,66.72,61,100,5.23,CN,1627941694
277,Kuytun,54.3419,101.5036,51.33,95,69,5.55,RU,1627941694
278,Chokurdakh,70.6333,147.9167,47.68,52,63,8.19,RU,1627941695
279,Bowen,-20.0167,148.2333,66.72,76,7,5.93,AU,1627941695
280,Te Anau,-45.4167,167.7167,40.66,90,45,1.54,NZ,1627941690
281,Bull Savanna,17.8868,-77.5902,83.34,66,48,13.42,JM,1627941696
282,Huarmey,-10.0681,-78.1522,68.56,73,3,10.85,PE,1627941696
283,Waitati,-45.75,170.5667,45.81,71,100,11.43,NZ,1627941697
284,Ostrovnoy,68.0531,39.5131,51.82,96,72,4.99,RU,1627941697
285,Chimoio,-19.1164,33.4833,55.78,65,0,2.48,MZ,1627941697
286,Kupang,-10.1667,123.5833,73.98,94,20,5.75,ID,1627941698
287,Nevers,46.9896,3.159,63.45,71,99,3.06,FR,1627941698
288,Pangani,-5.4333,38.9667,71.64,83,45,6.15,TZ,1627941699
289,Tjøme,59.1109,10.3933,59.34,78,90,2.3,NO,1627941699
290,Marrakesh,31.6315,-8.0083,77.07,53,0,12.66,MA,1627941699
291,Margate,51.3813,1.3862,62.04,73,100,1.01,GB,1627941700
292,Tucupita,9.0622,-62.051,75.78,93,66,0.89,VE,1627941700
293,Leningradskiy,69.3833,178.4167,33.04,99,100,10.63,RU,1627941701
294,Whangamata,-37.2,175.8667,54.09,74,72,14.16,NZ,1627941702
295,Eyl,7.9803,49.8164,78.33,66,49,25.7,SO,1627941703
296,Karratha,-20.7377,116.8463,59.04,26,6,17.38,AU,1627941703
297,Mattru,7.6244,-11.8332,71.87,86,23,2.98,SL,1627941704
298,Pierre,44.3683,-100.351,93.99,35,97,5.01,US,1627941704
299,Suzhou,31.3114,120.6181,82.27,95,25,8.03,CN,1627941705
300,Santa Fe,-31.6333,-60.7,58.75,64,0,5.06,AR,1627941519
301,Rawson,-43.3002,-65.1023,59.88,31,39,10.38,AR,1627941705
302,Lorengau,-2.0226,147.2712,82.17,80,18,8.86,PG,1627941703
303,Pochutla,15.7432,-96.4661,90.82,61,87,6.87,MX,1627941706
304,Otukpo,7.1913,8.1329,72.64,94,100,5.06,NG,1627941707
305,Dixon,38.4455,-121.8233,100.24,17,1,6.91,US,1627941707
306,Huambo,-12.7761,15.7392,58.73,31,0,0.72,AO,1627941585
307,Port Blair,11.6667,92.75,81.59,83,99,21.32,IN,1627941708
308,Bonfim,3.0833,-59.95,78.06,83,96,2.8,BR,1627941708
309,Palenque/Temp,17.5167,-91.9667,90.73,58,93,5.77,MX,1627941615
310,Nantucket,41.2835,-70.0995,77.13,71,1,18.01,US,1627941709
311,Sabang,5.8933,95.3214,82.51,75,99,20.87,ID,1627941711
312,Qaqortoq,60.7167,-46.0333,54.1,97,92,5.55,GL,1627941711
313,Derzhavīnsk,51.1,66.3167,71.02,47,4,1.72,KZ,1627941712
314,Constitución,-35.3333,-72.4167,56.34,70,0,10.42,CL,1627941697
315,Mount Gambier,-37.8333,140.7667,44.42,89,68,9.4,AU,1627941714
316,Sitka,57.0531,-135.33,61.14,71,97,4.09,US,1627941715
317,Puerto del Rosario,28.5004,-13.8627,73.15,73,20,13.8,ES,1627941717
318,Okato,-39.2,173.8833,48.42,91,99,13.22,NZ,1627941717
319,Baruun-Urt,46.6806,113.2792,64.36,50,95,5.28,MN,1627941719
320,Nemuro,43.3236,145.575,68.94,98,99,4.85,JP,1627941719
321,Puerto Escondido,15.85,-97.0667,86.95,65,72,5.97,MX,1627941720
322,Sistranda,63.7256,8.834,52.9,69,34,5.19,NO,1627941721
323,Hazorasp,41.3194,61.0742,75.04,18,0,11.72,UZ,1627941609
324,Harbour Breton,47.4833,-55.7983,62.35,77,100,6.11,CA,1627941722
325,Upernavik,72.7868,-56.1549,47.19,66,26,1.83,GL,1627941723
326,Ketchikan,55.3422,-131.6461,65.3,62,62,5.59,US,1627941724
327,Kazygurt,41.7589,69.3864,80.53,31,14,5.06,KZ,1627941725
328,Vao,-22.6667,167.4833,66.45,66,0,6.11,NC,1627941726
329,Morón,-34.6534,-58.6198,56.05,54,0,1.01,AR,1627941715
330,Severo-Kuril'sk,50.6789,156.125,51.21,77,97,20.36,RU,1627941728
331,San Jose de Guanipa,8.8872,-64.1651,72.48,91,100,3.67,VE,1627941729
332,Mossamedes,-15.1961,12.1522,69.1,82,85,2.19,AO,1627941729
333,Canyon,34.9803,-101.9188,87.48,32,19,7.25,US,1627941452
334,Kununurra,-15.7667,128.7333,75.18,46,66,6.91,AU,1627941730
335,Aswān,24.0934,32.907,92.64,14,2,9.31,EG,1627941730
336,Altagracia de Orituco,9.8601,-66.3814,73.56,92,75,4.74,VE,1627941731
337,Beloha,-25.1667,45.05,63.23,80,0,4.59,MG,1627941732
338,Yelanskiy,56.8419,62.5014,60.75,95,100,6.46,RU,1627941732
339,Ahipara,-35.1667,173.1667,54.55,83,11,28.77,NZ,1627941733
340,Dachnoye,43.0847,44.7358,62.96,93,76,4.47,RU,1627941733
341,Vila,42.0304,-8.1588,58.69,79,32,4.52,PT,1627941734
342,Ust-Kuyga,70.0167,135.6,63.66,36,0,2.57,RU,1627941735
343,Torzhok,57.0436,34.9622,60.51,92,98,15.73,RU,1627941672
344,Novokizhinginsk,51.6115,109.5917,58.06,99,100,1.43,RU,1627941735
345,Pag,44.445,15.0575,68.58,57,56,6.02,HR,1627941737
346,Strezhevoy,60.7333,77.5889,57.18,92,100,1.25,RU,1627941737
347,Boyolangu,-8.1181,111.8935,74.39,93,89,8.7,ID,1627941737
348,Rancho Palos Verdes,33.7445,-118.387,106.65,72,1,5.01,US,1627941738
349,Kizilskoye,52.7255,58.8937,65.34,57,7,5.23,RU,1627941738
350,Chumikan,54.7183,135.315,51.58,97,100,12.48,RU,1627941739
351,Ballina,-28.8667,153.5667,62.78,90,100,8.66,AU,1627941739
352,Arrondissement d'Arcachon,44.5875,-1.0519,62.92,88,0,2.3,FR,1627941740
353,Trairi,-3.2778,-39.2689,77.92,72,6,7.4,BR,1627941663
354,Gazojak,41.1875,61.4036,84.69,16,0,11.97,TM,1627941740
355,Isangel,-19.55,169.2667,73.08,54,4,10.8,VU,1627941741
356,Viedma,-40.8135,-62.9967,59.76,30,53,9.26,AR,1627941741
357,Portobelo,9.55,-79.65,84.85,81,95,1.59,PA,1627941742
358,Port Macquarie,-31.4333,152.9167,58.89,92,99,15.95,AU,1627941742
359,Provideniya,64.3833,-173.3,51.91,82,90,15.66,RU,1627941742
360,Port Lincoln,-34.7333,135.8667,51.64,62,65,18.99,AU,1627941743
361,Seoul,37.5683,126.9778,77.76,85,0,1.9,KR,1627941645
362,Kavaratti,10.5669,72.642,81.72,74,80,14.25,IN,1627941743
363,Anloga,5.7947,0.8973,77.36,87,100,8.88,GH,1627941744
364,Whitianga,-36.8333,175.7,55.02,76,63,15.23,NZ,1627941744
365,Gao,16.6362,1.637,88.36,46,96,11.25,ML,1627941744
366,Centralia,46.7162,-122.9543,85.46,57,1,8.05,US,1627941745
367,Simao,22.7886,100.9748,64.06,99,61,0.45,CN,1627941745
368,Grootfontein,-19.5667,18.1167,56.23,37,0,6.31,NA,1627941746
369,Pundaguitan,6.3711,126.1689,82.87,74,95,4.5,PH,1627941746
370,Bilma,18.6853,12.9164,95.94,13,14,11.39,NE,1627941747
371,Il'inskoye-Khovanskoye,56.9718,39.7684,70.93,90,39,11.99,RU,1627941747
372,Novorzhev,57.0294,29.3338,56.44,97,89,10.49,RU,1627941747
373,Albert Lea,43.648,-93.3683,80.71,44,40,5.75,US,1627941707
374,Zambezi,-13.5432,23.1047,59.07,44,2,4.79,ZM,1627941748
375,Souillac,-20.5167,57.5167,66.79,70,0,0.69,MU,1627941663
376,Charters Towers,-20.1,146.2667,60.48,81,4,5.14,AU,1627941750
377,San Ramon,37.7799,-121.978,94.1,35,1,8.01,US,1627941750
378,Irbit,57.6705,63.071,60.33,96,100,5.19,RU,1627941751
379,Bay Roberts,47.5999,-53.2648,68.43,67,100,4.0,CA,1627941751
380,Wanning,18.8003,110.3967,80.31,86,87,9.98,CN,1627941751
381,Zhezkazgan,47.8043,67.7144,79.39,30,6,9.31,KZ,1627941752
382,Novobirilyussy,56.9514,90.6661,56.53,73,100,3.8,RU,1627941752
383,Sur,22.5667,59.5289,87.19,60,53,11.54,OM,1627941753
384,Sola,-13.8833,167.55,75.04,60,83,13.65,VU,1627941753
385,Meridian,43.6121,-116.3915,93.85,41,1,1.99,US,1627941619
386,Porto-Novo,6.4965,2.6036,76.87,89,100,5.12,BJ,1627941754
387,Fukuechō,32.6881,128.8419,80.91,78,47,14.14,JP,1627941754
388,Salisbury,51.0693,-1.7957,59.61,92,100,3.38,GB,1627941750
389,Gra Lygia,35.0167,25.6833,87.98,43,0,13.4,GR,1627941755
390,Zapolyarnyy,69.4154,30.8136,47.48,95,16,2.8,RU,1627941755
391,Fort Nelson,58.8053,-122.7002,90.43,30,54,10.42,CA,1627941756
392,Taguatinga,-12.3857,-46.5711,76.35,28,52,6.4,BR,1627941756
393,Buchanan,5.8808,-10.0467,75.16,78,8,6.55,LR,1627941757
394,Kajaani,64.2273,27.7285,59.05,72,75,4.61,FI,1627941757
395,Marathon,44.9,-89.7668,78.33,55,1,6.91,US,1627941757
396,Ryōtsu-minato,38.0833,138.4333,84.16,74,91,3.42,JP,1627941758
397,Fort Saint James,54.4333,-124.25,84.88,36,24,4.21,CA,1627941758
398,Tevaitoa,-16.7833,-151.5,79.27,73,71,16.31,PF,1627941759
399,Rincon,32.296,-81.2354,91.85,83,75,20.71,US,1627941759
400,San Policarpo,12.1791,125.5072,81.3,80,100,9.15,PH,1627941759
401,Alipur,29.3846,70.9116,94.91,45,53,12.97,PK,1627941760
402,Bandarbeyla,9.4942,50.8122,77.4,77,14,31.16,SO,1627941760
403,Turaif,31.6725,38.6637,82.33,26,0,10.07,SA,1627941717
404,Khani,41.9563,42.9566,67.57,81,20,4.9,GE,1627941761
405,Khovd,48.0056,91.6419,59.63,50,0,2.21,MN,1627941761
406,Abu Dhabi,24.4667,54.3667,92.93,65,63,5.53,AE,1627941611
407,Kamiiso,41.8167,140.65,73.78,94,75,2.3,JP,1627941762
408,Saint-Joseph,-21.3667,55.6167,65.21,67,6,1.45,RE,1627941762
409,Eureka,40.8021,-124.1637,70.2,74,42,3.0,US,1627941762
410,Kloulklubed,7.0419,134.2556,79.3,78,66,13.27,PW,1627941763
411,Sásd,46.2552,18.1078,63.81,60,21,2.91,HU,1627941763
412,Ambilobe,-13.2,49.05,66.63,87,9,3.49,MG,1627941764
413,Whitehorse,60.7161,-135.0538,75.29,43,92,4.05,CA,1627941764
414,Sterling,39.0062,-77.4286,83.77,46,1,1.99,US,1627941563
415,Ribeira Brava,32.65,-17.0667,73.0,77,6,7.29,PT,1627941765
416,Camopi,3.1655,-52.3158,74.98,85,92,3.91,GF,1627941765
417,Dengzhou,37.8086,120.7508,72.37,89,5,3.15,CN,1627941765
418,Thunder Bay,48.4001,-89.3168,83.28,47,75,8.03,CA,1627941671
419,Leirvik,59.7798,5.5005,54.63,72,36,14.85,NO,1627941766
420,Palana,59.1167,159.9667,46.6,83,73,10.47,RU,1627941766
421,Nacala,-14.5428,40.6728,67.06,77,0,6.2,MZ,1627941767
422,Vanavara,60.34,102.2797,60.42,80,100,3.71,RU,1627941767
423,Mananjary,-21.2167,48.3333,65.14,92,13,4.81,MG,1627941768
424,Tura,25.5198,90.2201,73.9,98,100,3.51,IN,1627941768
425,Smithers,54.7804,-127.1743,84.54,31,6,6.89,CA,1627941769
426,Penzance,50.1186,-5.5371,58.21,80,52,6.13,GB,1627941690
427,Baculin,7.4525,126.5842,78.96,76,100,5.01,PH,1627941770
428,Cilegon,-6.0174,106.0538,76.89,85,79,3.06,ID,1627941770
429,Salalah,17.0151,54.0924,75.7,94,100,7.07,OM,1627941635
430,Los Llanos de Aridane,28.6585,-17.9182,69.55,92,75,13.8,ES,1627941770
431,Vestmannaeyjar,63.4427,-20.2734,53.22,85,100,3.65,IS,1627941771
432,Mapiri,-15.25,-68.1667,70.02,67,89,0.96,BO,1627941771
433,Kenitra,34.261,-6.5802,70.84,89,33,4.9,MA,1627941765
434,Miraflores,19.2167,-98.8083,71.87,82,91,2.26,MX,1627941772
435,Aksu,41.1231,80.2644,74.97,32,93,12.84,CN,1627941772
436,Alpinópolis,-20.8636,-46.3881,67.82,45,82,3.4,BR,1627941596
437,Masterton,-40.9597,175.6575,53.94,88,100,9.06,NZ,1627941774
438,Ancud,-41.8697,-73.8203,50.76,98,100,3.6,CL,1627941774
439,Neyshabur,36.2133,58.7958,74.82,16,0,3.22,IR,1627941775
440,Puerto Nariño,-3.7703,-70.3831,82.49,56,27,2.24,CO,1627941775
441,Kalemie,-5.9475,29.1947,69.87,57,0,2.08,CD,1627941776
442,Delījān,33.9905,50.6838,80.19,17,58,11.92,IR,1627941776
443,Aklavik,68.2191,-135.0107,64.17,59,93,15.7,CA,1627941777
444,Pishin,30.5803,66.9961,76.41,25,25,2.44,PK,1627941777
445,Miyako,39.6367,141.9525,79.83,83,98,7.7,JP,1627941777
446,Kameno,42.5667,27.3,77.29,83,0,10.36,BG,1627941778
447,Bilibino,68.0546,166.4372,35.74,82,99,14.03,RU,1627941778
448,Shakawe,-18.3667,21.85,58.21,36,2,5.32,BW,1627941779
449,Tupiza,-21.45,-65.7167,57.29,19,84,8.1,BO,1627941779
450,Kargat,55.1956,80.2811,58.96,96,99,6.69,RU,1627941779
451,Ajdabiya,30.7554,20.2263,89.02,28,0,10.96,LY,1627941780
452,Popondetta,-8.7537,148.2534,78.39,75,77,1.81,PG,1627941780
453,Broome,42.2506,-75.833,73.17,50,20,4.0,US,1627941780
454,Verkhnevilyuysk,63.4453,120.3167,63.03,58,1,4.21,RU,1627941781
455,Anchorage,61.2181,-149.9003,78.75,67,1,8.99,US,1627941757
456,Labuhan,-6.8844,112.2051,75.94,87,68,10.87,ID,1627941782
457,Otane,-39.8833,176.6333,47.01,76,100,10.78,NZ,1627941782
458,Eskilstuna,59.3666,16.5077,54.73,90,99,1.99,SE,1627941783
459,Byron Bay,-28.65,153.6167,66.15,90,94,9.24,AU,1627941497
460,Laas,46.6166,10.7002,57.02,91,50,2.1,IT,1627941641
461,Omsukchan,62.5333,155.8,35.24,95,99,7.52,RU,1627941784
462,Namangan,40.9983,71.6726,75.65,38,98,9.22,UZ,1627941784
463,Lodwar,3.1191,35.5973,83.91,36,99,13.89,KE,1627941785
464,Ferrol,43.4832,-8.2369,63.68,80,29,5.32,ES,1627941785
465,Barcelos,41.5388,-8.6151,69.28,84,52,4.7,PT,1627941785
466,Pingliang,35.5392,106.6861,64.6,70,84,8.23,CN,1627941786
467,Alice,27.7523,-98.0697,100.31,28,18,6.31,US,1627941786
468,Yārāda,17.65,83.2667,84.52,79,40,11.5,IN,1627941787
469,Shunyi,40.125,116.6453,75.83,83,75,2.24,CN,1627941787
470,Talara,-4.5772,-81.2719,67.01,82,5,17.16,PE,1627941787
471,Tezu,27.9167,96.1667,75.34,94,98,3.89,IN,1627941788
472,Natal,-5.795,-35.2094,77.22,83,75,8.05,BR,1627941531
473,Rudnogorsk,57.2639,103.7519,54.19,81,100,2.55,RU,1627941788
474,Ust-Nera,64.5667,143.2,56.26,45,0,4.85,RU,1627941789
475,Burnie,-41.0667,145.9167,49.01,90,100,6.22,AU,1627941789
476,Plouzané,48.3833,-4.6167,57.52,85,0,5.75,FR,1627941790
477,Pinega,64.7001,43.3936,56.43,95,99,4.97,RU,1627941790
478,Ullal,12.8,74.85,77.56,86,83,9.08,IN,1627941790
479,Lebyazh'ye,55.2689,66.4947,62.74,66,80,7.05,RU,1627941791
480,Hualmay,-11.0964,-77.6139,66.45,75,8,9.13,PE,1627941791
481,Tornio,65.8481,24.1466,51.82,57,100,6.17,FI,1627941791
482,Parkent,41.2944,69.6764,78.62,30,64,7.45,UZ,1627941792
483,Kenora,49.8167,-94.4337,83.8,27,18,4.34,CA,1627941792
484,San Quintín,30.4833,-115.95,78.48,56,1,15.52,MX,1627941793
485,Tautira,-17.7333,-149.15,82.42,73,100,14.9,PF,1627941612
486,Saint-Leu,-21.15,55.2833,65.68,70,1,1.16,RE,1627941793
487,Bhag,29.0415,67.8239,97.52,38,32,7.81,PK,1627941794
488,Sibolga,1.7427,98.7792,75.99,84,88,3.62,ID,1627941794
489,Arica,-18.475,-70.3042,62.17,80,52,3.78,CL,1627941795
490,Nurobod,40.9056,69.8023,79.65,32,83,6.53,UZ,1627941795
491,Gunib,42.3876,46.9651,60.15,64,37,5.73,RU,1627941795
492,Vila do Maio,15.1333,-23.2167,79.59,78,73,6.08,CV,1627941796
493,Port Shepstone,-30.7414,30.455,61.56,85,100,10.65,ZA,1627941796
494,Dwārka,22.2394,68.9678,81.41,81,100,23.42,IN,1627941796
495,Hornepayne,49.2138,-84.7705,71.33,52,83,12.46,CA,1627941797
496,Tiksi,71.6872,128.8694,50.22,63,73,3.94,RU,1627941797
497,Mata Grande,-9.1175,-37.7322,66.16,83,10,10.38,BR,1627941798
498,Oron,4.8256,8.2343,75.56,91,100,3.96,NG,1627941798
499,Iisalmi,63.5592,27.1907,60.82,93,100,6.02,FI,1627941798
500,Canmore,51.0834,-115.3521,70.29,85,100,1.25,CA,1627941733
501,Nizwá,22.9333,57.5333,89.42,40,19,3.8,OM,1627941717
502,Krasnyy Yar,46.5331,48.3456,71.53,31,5,5.88,RU,1627941799
503,Bāfq,31.6128,55.4107,87.73,13,68,6.24,IR,1627941800
504,Port-Gentil,-0.7193,8.7815,76.48,83,100,9.71,GA,1627941800
505,Ekenäs,59.9736,23.4339,63.1,85,100,5.06,FI,1627941800
506,Guerrero Negro,27.9769,-114.0611,85.21,45,12,12.06,MX,1627941599
507,Kruisfontein,-34.0033,24.7314,47.88,93,0,5.66,ZA,1627941802
508,Ust-Maya,60.4167,134.5333,59.63,76,100,11.36,RU,1627941803
509,Kailua,21.4022,-157.7394,83.14,66,28,24.72,US,1627941803
510,Asău,46.4333,26.4,67.95,83,23,3.44,RO,1627941803
511,Athabasca,54.7169,-113.2854,90.1,26,100,14.58,CA,1627941530
512,Pokosnoye,55.5258,101.0536,50.63,91,88,2.55,RU,1627941804
513,Huanuni,-18.2667,-66.85,43.61,46,85,9.75,BO,1627941804
514,Piranshahr,36.701,45.1413,66.97,68,5,6.24,IR,1627941805
515,Arys,42.4252,68.795,77.22,17,47,8.16,KZ,1627941805
516,Honiara,-9.4333,159.95,80.08,78,24,5.1,SB,1627941806
517,Issaquah,47.5301,-122.0326,90.12,51,1,4.0,US,1627941754
518,Lata,40.1629,-8.3327,66.04,92,21,2.51,PT,1627941806
519,Pangkalanbuun,-2.6833,111.6167,74.39,97,99,2.15,ID,1627941807
520,La Ronge,55.1001,-105.2842,82.94,25,100,3.69,CA,1627941807
521,San Isidro,-12.1167,-77.05,64.26,81,39,1.01,PE,1627941807
522,Choya,52.0108,86.5467,61.14,71,70,3.15,RU,1627941808
523,Kuril'sk,45.2333,147.8833,58.12,89,100,6.44,RU,1627941808
524,Mbandaka,0.0487,18.2603,75.52,64,94,4.16,CD,1627941809
525,Kavieng,-2.5744,150.7967,82.67,78,28,10.56,PG,1627941809
526,Caravelas,-17.7125,-39.2481,67.3,72,76,5.39,BR,1627941810
527,Port Hedland,-20.3167,118.5667,51.85,30,19,8.05,AU,1627941810
528,Chengde,40.9725,117.9361,65.26,93,50,1.16,CN,1627941810
529,Thinadhoo,0.5333,72.9333,81.36,71,100,2.62,MV,1627941631
530,Teya,60.3778,92.6267,52.09,96,33,1.81,RU,1627941811
531,Khandyga,62.6667,135.6,67.08,56,50,1.07,RU,1627941811
532,Sobolevo,54.4299,31.8996,61.12,84,37,9.4,RU,1627941812
533,Aksay,47.26,39.87,73.62,32,0,3.53,RU,1627941812
534,Grindavik,63.8424,-22.4338,53.91,87,75,6.91,IS,1627941813
535,Biloela,-24.4167,150.5,61.74,74,0,4.27,AU,1627941813
536,Ekibastuz,51.6667,75.3667,74.17,43,91,11.7,KZ,1627941604
537,Kananga,-5.8958,22.4178,72.12,34,37,3.29,CD,1627941813
538,Ol'ga,43.7444,135.2892,67.53,96,100,2.68,RU,1627941814
539,Partizánske,48.6286,18.3846,62.29,77,13,1.21,SK,1627941814
540,Maracaçumé,-2.0428,-45.9592,77.14,77,94,4.03,BR,1627941815
541,San Jose,37.3394,-121.895,95.56,46,1,13.8,US,1627941590
542,Pennāgaram,12.1333,77.9,73.4,74,98,4.94,IN,1627941815
543,Mariehamn,60.0973,19.9348,57.06,67,0,10.36,AX,1627941816
544,Ilo,-17.6394,-71.3375,62.53,78,34,5.41,PE,1627941816
545,Marbella,36.5154,-4.8858,75.25,68,3,2.77,ES,1627941799
546,Aberystwyth,52.4155,-4.0829,56.3,85,5,5.01,GB,1627941817
547,Palembang,-2.9167,104.7458,73.63,96,98,3.78,ID,1627941817
548,Lagos,6.5833,3.75,75.07,92,100,3.96,NG,1627941674
549,Udachny,66.4167,112.4,66.61,52,97,9.13,RU,1627941818
550,Villamontes,-21.25,-63.5,65.43,33,99,2.77,BO,1627941818
551,Kutum,14.2,24.6667,73.4,65,38,13.98,SD,1627941819
552,San Cristobal,7.7669,-72.225,68.85,90,100,6.08,VE,1627941819
553,Camaçari,-12.6975,-38.3242,69.1,90,52,9.46,BR,1627941819
554,Cockburn Town,21.4612,-71.1419,81.91,78,100,17.34,TC,1627941820
555,Tamandaré,-8.7597,-35.1047,73.38,88,18,9.84,BR,1627941820
556,Luebo,-5.35,21.4167,73.63,32,59,1.81,CD,1627941820
557,Saint-Pierre,-21.3393,55.4781,66.29,59,0,6.91,RE,1627941821
558,Da Lat,11.9465,108.4419,62.98,94,100,5.75,VN,1627941822
559,Uvira,-3.4067,29.1458,75.27,62,51,1.07,CD,1627941822
560,Porto Santo,33.072,-16.3415,72.3,73,40,8.05,PT,1627941823
561,Sefophe,-22.1833,27.9667,59.2,22,0,9.15,BW,1627941823
562,Masallātah,32.6167,14.0,81.93,48,0,9.28,LY,1627941823
563,Vallenar,-28.5708,-70.7581,70.79,38,0,4.43,CL,1627941824
564,Storforshei,66.4043,14.5233,44.65,86,71,2.89,NO,1627941824
565,Namsos,64.4662,11.4957,46.58,89,92,3.27,NO,1627941824
566,Koungou,-12.7336,45.2042,71.31,83,0,3.44,YT,1627941825
567,Havøysund,70.9963,24.6622,49.08,82,19,21.79,NO,1627941825
568,Houma,29.5958,-90.7195,88.0,77,87,9.19,US,1627941596
569,Nampula,-15.1165,39.2666,57.76,85,0,3.67,MZ,1627941826
570,São João da Barra,-21.6403,-41.0511,68.04,76,0,11.43,BR,1627941826
571,Arlit,18.7369,7.3853,93.56,29,100,8.9,NE,1627941827
572,Nago,26.5881,127.9761,82.45,87,69,17.18,JP,1627941827
573,La Motte-Servolex,45.5942,5.8758,62.46,86,0,1.14,FR,1627941828
574,Sonoita,31.85,-112.8333,106.54,21,2,4.45,MX,1627941828
575,Hazebrouck,50.7237,2.5373,60.73,78,100,5.82,FR,1627941829
576,Praia da Vitória,38.7333,-27.0667,75.76,88,75,6.55,PT,1627941535
577,Visby,57.6409,18.296,60.85,82,40,10.36,SE,1627941830
578,Wellington,-41.2866,174.7756,54.82,79,75,5.01,NZ,1627941809
579,Talcahuano,-36.7167,-73.1167,56.82,70,47,10.92,CL,1627941615
580,Tocopilla,-22.092,-70.1979,63.86,68,92,4.23,CL,1627941830
